Keyword,Count
power,30
frequency,25
estimation,18
system,16
systems,14
kalman,5
new,5
modeling,4
filter,4
applications,4
state,3
control,3
using,3
method,3
estimator,3
technique,3
algorithm,3
learning,2
dynamic,2
electronics,2
estimating,2
threephase,2
via,2
widelylinear,2
total,2
leastsquares,2
approach,2
simple,2
implementation,2
fundamental,2
energy,2
review,2
pv,2
penetration,2
unscented,2
variations,1
recurrent,1
scheme,1
multiagent,1
deep,1
reinforcement,1
cooperative,1
load,1
multiarea,1
roles,1
monitoring,1
operation,1
realtime,1
determination,1
linear,1
